r,pixels,area,perimeter
0.0004631011662983711,9,0.0013523302370074953,0.33895086407372355
0.0009262023325967422,18,0.0015060814520874554,0.3348888453822146
0.0013893034988951133,27,0.0016585247095257845,0.3324666044928937
0.0018524046651934845,36,0.0018102425005798893,0.33083783529912547
0.0023155058314918557,45,0.0019612348252497696,0.32957051901375534
0.0027786069977902266,54,0.0021118670644150717,0.3285726635639377
0.0032417081640885976,63,0.002262075673574987,0.327653458304737
0.003704809330386969,72,0.0024119665602308623,0.32684804622228636
